Source,SS,df,MS,F,Prob>F
Groups,0.0220319168544715,2,0.0110159584272358,0.736586087376218,0.496410253156761
Error,0.209375958390224,14,0.0149554255993017,,
Total,0.231407875244695,16,,,
