Source,SS,df,MS,F,Prob>F
Groups,4.91390179320264,2,2.45695089660132,3.83668001971933,0.0469258913439509
Error,8.96538475338761,14,0.640384625241972,,
Total,13.8792865465903,16,,,
