Source,SS,df,MS,F,Prob>F
Groups,3.65240352651421,2,1.8262017632571,2.91903930190159,0.0871764144714351
Error,8.75864352663703,14,0.625617394759788,,
Total,12.4110470531512,16,,,
