Source,SS,df,MS,F,Prob>F
Groups,0.24523079737499,2,0.122615398687495,0.583318577717492,0.571046102227289
Error,2.94284400874389,14,0.210203143481706,,
Total,3.18807480611888,16,,,
