Source,SS,df,MS,F,Prob>F
Groups,0.00666402821123285,2,0.00333201410561643,0.941076840416414,0.413552348250383
Error,0.0495689570449834,14,0.00354063978892739,,
Total,0.0562329852562163,16,,,
