Source,SS,df,MS,F,Prob>F
Groups,0.000370020323745503,2,0.000185010161872751,0.134757577597726,0.875047705533902
Error,0.0192207541304321,14,0.00137291100931658,,
Total,0.0195907744541776,16,,,
