Source,SS,df,MS,F,Prob>F
Groups,0.218496351447319,2,0.10924817572366,1.71074018853554,0.216421726435706
Error,0.894042514685135,14,0.0638601796203668,,
Total,1.11253886613245,16,,,
