Source,SS,df,MS,F,Prob>F
Groups,0.288777472819812,2,0.144388736409906,0.755446376830795,0.488021195562769
Error,2.67582501119262,14,0.19113035794233,,
Total,2.96460248401243,16,,,
