Source,SS,df,MS,F,Prob>F
Groups,0.234564354901332,2,0.117282177450666,1.71386441389434,0.215879146973385
Error,0.958039895687196,14,0.068431421120514,,
Total,1.19260425058853,16,,,
