Source,SS,df,MS,F,Prob>F
Groups,0.0295771496999701,2,0.0147885748499851,0.256614226432266,0.77722726810162
Error,0.806814379616788,14,0.0576295985440563,,
Total,0.836391529316759,16,,,
