Source,SS,df,MS,F,Prob>F
Groups,0.00607063514475181,2,0.0030353175723759,0.326822960244261,0.726568216994455
Error,0.130022829428823,14,0.00928734495920167,,
Total,0.136093464573575,16,,,
