Source,SS,df,MS,F,Prob>F
Groups,0.0478218811591535,2,0.0239109405795768,1.27063349941831,0.311110627671627
Error,0.263453756151812,14,0.0188181254394152,,
Total,0.311275637310966,16,,,
