Source,SS,df,MS,F,Prob>F
Groups,4.85170725854204,2,2.42585362927102,1.80182103515925,0.20122342766687
Error,18.8486814989329,14,1.34633439278092,,
Total,23.7003887574749,16,,,
