Source,SS,df,MS,F,Prob>F
Groups,1.19152484599632,2,0.595762422998161,1.63997138774027,0.229139599798044
Error,5.08586551224345,14,0.36327610801739,,
Total,6.27739035823978,16,,,
