Source,SS,df,MS,F,Prob>F
Groups,0.0792590132474955,6,0.0132098355412492,0.868217834024442,0.549509757367713
Error,0.1521488619972,10,0.01521488619972,,
Total,0.231407875244695,16,,,
