Source,SS,df,MS,F,Prob>F
Groups,10.522705874796,6,1.753784312466,1.3308745764183,0.32823419949219
Error,13.1776828826789,10,1.31776828826789,,
Total,23.7003887574749,16,,,
