Source,SS,df,MS,F,Prob>F
Groups,7.05437593271037,6,1.1757293221184,1.72270288745951,0.213225725233773
Error,6.82491061387989,10,0.682491061387989,,
Total,13.8792865465903,16,,,
