Source,SS,df,MS,F,Prob>F
Groups,2.28838749507248,6,0.381397915845413,0.956123444701114,0.499025309781731
Error,3.9890028631673,10,0.39890028631673,,
Total,6.27739035823978,16,,,
