Source,SS,df,MS,F,Prob>F
Groups,6.08020244915259,6,1.01336707485877,1.60068227581942,0.243460949313628
Error,6.33084460399864,10,0.633084460399864,,
Total,12.4110470531512,16,,,
