Source,SS,df,MS,F,Prob>F
Groups,1.03889200612444,6,0.173148667687406,0.805648861920235,0.587844119296044
Error,2.14918279999444,10,0.214918279999444,,
Total,3.18807480611888,16,,,
